이름,비고,저자,파일과 미디어,출판사,문해력 수준,분야,상태,시작,완료,연,월,읽은 기간,읽은 일수,평점,한 줄 평,회독수,읽은 사람,이번 년도에 읽을 책,등록여부,출판일
나랑 도서관 탐험할래?,,나탈리 다르장,%EB%8F%85%EC%84%9C%20%EB%85%B8%ED%8A%B8/%E1%84%82%E1%85%A1%E1%84%85%E1%85%A1%E1%86%BC_%E1%84%83%E1%85%A9%E1%84%89%E1%85%A5%E1%84%80%E1%85%AA%E1%86%AB_%E1%84%90%E1%85%A1%E1%86%B7%E1%84%92%E1%85%A5%E1%86%B7%E1%84%92%E1%85%A1%E1%86%AF%E1%84%85%E1%85%A2.jpg,,초2,그림책,읽음,2026년 2월 11일,2026년 2월 11일,2026년,2월,1,,,,1,이하은,Yes,No,
비밀의 문,글 없는 그림책,에런 베커,%EB%8F%85%EC%84%9C%20%EB%85%B8%ED%8A%B8/%E1%84%87%E1%85%B5%E1%84%86%E1%85%B5%E1%86%AF%E1%84%8B%E1%85%B4_%E1%84%86%E1%85%AE%E1%86%AB.jpg,,"초3, 초4, 초5, 초6",그림책,읽기 전,2026년 2월 14일,,2026년,2월,,,,,,,Yes,No,
130층 나무 집,나무집 시리즈,앤디 그리피스,%EB%8F%85%EC%84%9C%20%EB%85%B8%ED%8A%B8/130%E1%84%8E%E1%85%B3%E1%86%BC_%E1%84%82%E1%85%A1%E1%84%86%E1%85%AE_%E1%84%8C%E1%85%B5%E1%86%B8.jpg,시공주니어,초2,그림책,읽기 전,,,,,,,,,,,No,No,
52층 나무 집,나무집 시리즈,앤디 그리피스,%EB%8F%85%EC%84%9C%20%EB%85%B8%ED%8A%B8/52%E1%84%8E%E1%85%B3%E1%86%BC_%E1%84%82%E1%85%A1%E1%84%86%E1%85%AE_%E1%84%8C%E1%85%B5%E1%86%B8.jpg,시공주니어,초2,그림책,읽기 전,,,,,,,,,,,No,No,
65층 나무 집,나무집 시리즈,앤디 그리피스,%EB%8F%85%EC%84%9C%20%EB%85%B8%ED%8A%B8/65%E1%84%8E%E1%85%B3%E1%86%BC_%E1%84%82%E1%85%A1%E1%84%86%E1%85%AE_%E1%84%8C%E1%85%B5%E1%86%B8.jpg,시공주니어,초2,그림책,읽기 전,,,,,,,,,,,No,No,
169층 나무 집,나무집 시리즈,앤디 그리피스,%EB%8F%85%EC%84%9C%20%EB%85%B8%ED%8A%B8/169%E1%84%8E%E1%85%B3%E1%86%BC_%E1%84%82%E1%85%A1%E1%84%86%E1%85%AE_%E1%84%8C%E1%85%B5%E1%86%B8.jpg,시공주니어,초2,그림책,읽기 전,,,,,,,,,,,No,No,
104층 나무 집,나무집 시리즈,앤디 그리피스,%EB%8F%85%EC%84%9C%20%EB%85%B8%ED%8A%B8/104%E1%84%8E%E1%85%B3%E1%86%BC_%E1%84%82%E1%85%A1%E1%84%86%E1%85%AE_%E1%84%8C%E1%85%B5%E1%86%B8.jpg,시공주니어,초2,그림책,읽기 전,,,,,,,,,,,No,No,
13층 나무집,나무집 시리즈,앤디 그리피스,%EB%8F%85%EC%84%9C%20%EB%85%B8%ED%8A%B8/13%E1%84%8E%E1%85%B3%E1%86%BC_%E1%84%82%E1%85%A1%E1%84%86%E1%85%AE%E1%84%8C%E1%85%B5%E1%86%B8.jpg,시공주니어,초2,그림책,읽기 전,,,,,,,,,,,No,No,
117층 나무 집,나무집 시리즈,앤디 그리피스,%EB%8F%85%EC%84%9C%20%EB%85%B8%ED%8A%B8/117%E1%84%8E%E1%85%B3%E1%86%BC_%E1%84%82%E1%85%A1%E1%84%86%E1%85%AE_%E1%84%8C%E1%85%B5%E1%86%B8_.jpg,시공주니어,초2,그림책,읽기 전,,,,,,,,,,,No,No,
39층 나무 집,나무집 시리즈,앤디 그리피스,%EB%8F%85%EC%84%9C%20%EB%85%B8%ED%8A%B8/39%E1%84%8E%E1%85%B3%E1%86%BC_%E1%84%82%E1%85%A1%E1%84%86%E1%85%AE_%E1%84%8C%E1%85%B5%E1%86%B8.jpg,시공주니어,초2,그림책,읽기 전,,,,,,,,,,,No,No,
78층 나무 집,나무집 시리즈,앤디 그리피스,%EB%8F%85%EC%84%9C%20%EB%85%B8%ED%8A%B8/78%E1%84%8E%E1%85%B3%E1%86%BC_%E1%84%82%E1%85%A1%E1%84%86%E1%85%AE_%E1%84%8C%E1%85%B5%E1%86%B8.jpg,시공주니어,초2,그림책,읽기 전,,,,,,,,,,,No,No,
156층 나무 집,나무집 시리즈,앤디 그리피스,%EB%8F%85%EC%84%9C%20%EB%85%B8%ED%8A%B8/156%E1%84%8E%E1%85%B3%E1%86%BC_%E1%84%82%E1%85%A1%E1%84%86%E1%85%AE_%E1%84%8C%E1%85%B5%E1%86%B8.jpg,시공주니어,초2,그림책,읽기 전,,,,,,,,,,,No,No,
"143층 나무 집 ",나무집 시리즈,앤디 그리피스,%EB%8F%85%EC%84%9C%20%EB%85%B8%ED%8A%B8/143%E1%84%8E%E1%85%B3%E1%86%BC_%E1%84%82%E1%85%A1%E1%84%86%E1%85%AE_%E1%84%8C%E1%85%B5%E1%86%B8.jpg,시공주니어,초2,그림책,읽기 전,,,,,,,,,,,No,No,
91층 나무 집,나무집 시리즈,앤디 그리피스,%EB%8F%85%EC%84%9C%20%EB%85%B8%ED%8A%B8/91%E1%84%8E%E1%85%B3%E1%86%BC_%E1%84%82%E1%85%A1%E1%84%86%E1%85%AE_%E1%84%8C%E1%85%B5%E1%86%B8_.jpg,시공주니어,초2,그림책,읽기 전,,,,,,,,,,,No,No,
26층 나무 집,나무집 시리즈,앤디 그리피스,%EB%8F%85%EC%84%9C%20%EB%85%B8%ED%8A%B8/26%E1%84%8E%E1%85%B3%E1%86%BC_%E1%84%82%E1%85%A1%E1%84%86%E1%85%AE%E1%84%8C%E1%85%B5%E1%86%B8.jpg,시공주니어,초2,그림책,읽기 전,,,,,,,,,,,No,No,
하늘에서 동아줄이 내려올 줄이야,글 없는 그림책,최민지,%EB%8F%85%EC%84%9C%20%EB%85%B8%ED%8A%B8/%E1%84%92%E1%85%A1%E1%84%82%E1%85%B3%E1%86%AF%E1%84%8B%E1%85%A6%E1%84%89%E1%85%A5_%E1%84%83%E1%85%A9%E1%86%BC%E1%84%8B%E1%85%A1%E1%84%8C%E1%85%AE%E1%86%AF%E1%84%8B%E1%85%B5_%E1%84%82%E1%85%A2%E1%84%85%E1%85%A7%E1%84%8B%E1%85%A9%E1%86%AF_%E1%84%8C%E1%85%AE%E1%86%AF%E1%84%8B%E1%85%B5%E1%84%8B%E1%85%A3.jpg,모래알키다리,초2,그림책,읽기 전,,,,,,,,,,,No,No,
세상에서 가장 용감한 소녀,글 없는 그림책,매튜 코델,%EB%8F%85%EC%84%9C%20%EB%85%B8%ED%8A%B8/%E1%84%89%E1%85%A6%E1%84%89%E1%85%A1%E1%86%BC%E1%84%8B%E1%85%A6%E1%84%89%E1%85%A5_%E1%84%80%E1%85%A1%E1%84%8C%E1%85%A1%E1%86%BC_%E1%84%8B%E1%85%AD%E1%86%BC%E1%84%80%E1%85%A1%E1%86%B7%E1%84%92%E1%85%A1%E1%86%AB_%E1%84%89%E1%85%A9%E1%84%82%E1%85%A7.jpg,비룡소,초2,그림책,읽기 전,,,,,,,,,,,No,No,
머나먼 여행,글 없는 그림책,에런 베커,%EB%8F%85%EC%84%9C%20%EB%85%B8%ED%8A%B8/%E1%84%86%E1%85%A5%E1%84%82%E1%85%A1%E1%84%86%E1%85%A5%E1%86%AB_%E1%84%8B%E1%85%A7%E1%84%92%E1%85%A2%E1%86%BC.jpg,웅진주니어,초2,그림책,읽기 전,,,,,,,,,,,No,No,
비밀의 숲 코끼리 나무,글 없는 그림책,프레야 블랙우드,%EB%8F%85%EC%84%9C%20%EB%85%B8%ED%8A%B8/%E1%84%87%E1%85%B5%E1%84%86%E1%85%B5%E1%86%AF%E1%84%8B%E1%85%B4_%E1%84%89%E1%85%AE%E1%87%81_%E1%84%8F%E1%85%A9%E1%84%81%E1%85%B5%E1%84%85%E1%85%B5_%E1%84%82%E1%85%A1%E1%84%86%E1%85%AE.jpg,창비,초2,그림책,읽기 전,,,,,,,,,,,No,No,
끝없는 여행,글 없는 그림책,에런 베커,%EB%8F%85%EC%84%9C%20%EB%85%B8%ED%8A%B8/%E1%84%81%E1%85%B3%E1%87%80%E1%84%8B%E1%85%A5%E1%86%B9%E1%84%82%E1%85%B3%E1%86%AB_%E1%84%8B%E1%85%A7%E1%84%92%E1%85%A2%E1%86%BC.jpg,웅진주니어,초2,그림책,읽기 전,,,,,,,,,,,No,No,
비늘과 파편,글 없는 그림책,김수진,%EB%8F%85%EC%84%9C%20%EB%85%B8%ED%8A%B8/%E1%84%87%E1%85%B5%E1%84%82%E1%85%B3%E1%86%AF%E1%84%80%E1%85%AA_%E1%84%91%E1%85%A1%E1%84%91%E1%85%A7%E1%86%AB.jpg,노란상상,초2,그림책,읽기 전,,,,,,,,,,,No,No,
박물관에서,글 없는 그림책,바림,%EB%8F%85%EC%84%9C%20%EB%85%B8%ED%8A%B8/%E1%84%87%E1%85%A1%E1%86%A8%E1%84%86%E1%85%AE%E1%86%AF%E1%84%80%E1%85%AA%E1%86%AB%E1%84%8B%E1%85%A6%E1%84%89%E1%85%A5.jpg,봄볕,초2,그림책,읽기 전,,,,,,,,,,,No,No,
꼬마 돼지의 불 끄기 대작전 29,글 없는 그림책,아서 가이서트,%EB%8F%85%EC%84%9C%20%EB%85%B8%ED%8A%B8/%E1%84%81%E1%85%A9%E1%84%86%E1%85%A1_%E1%84%83%E1%85%AB%E1%84%8C%E1%85%B5%E1%84%8B%E1%85%B4_%E1%84%87%E1%85%AE%E1%86%AF_%E1%84%81%E1%85%B3%E1%84%80%E1%85%B5_%E1%84%83%E1%85%A2%E1%84%8C%E1%85%A1%E1%86%A8%E1%84%8C%E1%85%A5%E1%86%AB_29.jpg,보림,초2,그림책,읽기 전,,,,,,,,,,,No,No,
바다 체험학습 가는 날,글 없는 그림책,존 헤어,%EB%8F%85%EC%84%9C%20%EB%85%B8%ED%8A%B8/%E1%84%87%E1%85%A1%E1%84%83%E1%85%A1_%E1%84%8E%E1%85%A6%E1%84%92%E1%85%A5%E1%86%B7%E1%84%92%E1%85%A1%E1%86%A8%E1%84%89%E1%85%B3%E1%86%B8_%E1%84%80%E1%85%A1%E1%84%82%E1%85%B3%E1%86%AB_%E1%84%82%E1%85%A1%E1%86%AF.jpg,행복한그림책,초2,그림책,읽기 전,,,,,,,,,,,No,No,
달 체험학습 가는 날,글 없는 그림책,존 헤어,%EB%8F%85%EC%84%9C%20%EB%85%B8%ED%8A%B8/%E1%84%83%E1%85%A1%E1%86%AF_%E1%84%8E%E1%85%A6%E1%84%92%E1%85%A5%E1%86%B7%E1%84%92%E1%85%A1%E1%86%A8%E1%84%89%E1%85%B3%E1%86%B8_%E1%84%80%E1%85%A1%E1%84%82%E1%85%B3%E1%86%AB_%E1%84%82%E1%85%A1%E1%86%AF.jpg,행복한그림책,초2,그림책,읽기 전,,,,,,,,,,,No,No,
"다시, 밖으로",글 없는 그림책,엔히코 코제르 모레이라,%EB%8F%85%EC%84%9C%20%EB%85%B8%ED%8A%B8/%E1%84%83%E1%85%A1%E1%84%89%E1%85%B5_%E1%84%87%E1%85%A1%E1%86%A9%E1%84%8B%E1%85%B3%E1%84%85%E1%85%A9.jpg,풀빛,초2,그림책,읽기 전,,,,,,,,,,,No,No,
노란 나비,글 없는 그림책,올렉산드르 샤토킨,%EB%8F%85%EC%84%9C%20%EB%85%B8%ED%8A%B8/%E1%84%82%E1%85%A9%E1%84%85%E1%85%A1%E1%86%AB_%E1%84%82%E1%85%A1%E1%84%87%E1%85%B5.jpg,노란코끼리,초2,그림책,읽기 전,,,,,,,,,,,No,No,
나무집,글 없는 그림책,마리예 톨만,%EB%8F%85%EC%84%9C%20%EB%85%B8%ED%8A%B8/%E1%84%82%E1%85%A1%E1%84%86%E1%85%AE%E1%84%8C%E1%85%B5%E1%86%B8.jpg,여유당,초2,그림책,읽기 전,,,,,,,,,,,No,No,
구름 공장,글 없는 그림책,유지우,%EB%8F%85%EC%84%9C%20%EB%85%B8%ED%8A%B8/%E1%84%80%E1%85%AE%E1%84%85%E1%85%B3%E1%86%B7_%E1%84%80%E1%85%A9%E1%86%BC%E1%84%8C%E1%85%A1%E1%86%BC.jpg,책읽는곰,초2,그림책,읽기 전,,,,,,,,,,,No,No,
곰과 새,글 없는 그림책,김용대,%EB%8F%85%EC%84%9C%20%EB%85%B8%ED%8A%B8/%E1%84%80%E1%85%A9%E1%86%B7%E1%84%80%E1%85%AA_%E1%84%89%E1%85%A2.jpg,길벗어린이,초2,그림책,읽기 전,,,,,,,,,,,No,No,
있으려나 서점,2학년이 처음 읽기 좋은 책,요시타케 신스케,%EB%8F%85%EC%84%9C%20%EB%85%B8%ED%8A%B8/%E1%84%8B%E1%85%B5%E1%86%BB%E1%84%8B%E1%85%B3%E1%84%85%E1%85%A7%E1%84%82%E1%85%A1_%E1%84%89%E1%85%A5%E1%84%8C%E1%85%A5%E1%86%B7.jpg,온다,초2,그림책,읽기 전,,,,,,,,,,,No,No,
언제나 칭찬,2학년이 처음 읽기 좋은 책,류호선,%EB%8F%85%EC%84%9C%20%EB%85%B8%ED%8A%B8/%E1%84%8B%E1%85%A5%E1%86%AB%E1%84%8C%E1%85%A6%E1%84%82%E1%85%A1_%E1%84%8E%E1%85%B5%E1%86%BC%E1%84%8E%E1%85%A1%E1%86%AB.jpg,사계절,초2,그림책,읽기 전,,,,,,,,,,,No,No,
우당탕탕 야옹이와 바다 끝 괴물,2학년이 처음 읽기 좋은 책,구도 노리코,%EB%8F%85%EC%84%9C%20%EB%85%B8%ED%8A%B8/%E1%84%8B%E1%85%AE%E1%84%83%E1%85%A1%E1%86%BC%E1%84%90%E1%85%A1%E1%86%BC%E1%84%90%E1%85%A1%E1%86%BC_%E1%84%8B%E1%85%A3%E1%84%8B%E1%85%A9%E1%86%BC%E1%84%8B%E1%85%B5%E1%84%8B%E1%85%AA_%E1%84%87%E1%85%A1%E1%84%83%E1%85%A1_%E1%84%81%E1%85%B3%E1%87%80_%E1%84%80%E1%85%AC%E1%84%86%E1%85%AE%E1%86%AF.jpg,책읽는곰,초2,그림책,읽기 전,,,,,,,,,,,No,No,
새빨간 입술 젤리,2학년이 처음 읽기 좋은 책,이나영,%EB%8F%85%EC%84%9C%20%EB%85%B8%ED%8A%B8/%E1%84%89%E1%85%A2%E1%84%88%E1%85%A1%E1%86%AF%E1%84%80%E1%85%A1%E1%86%AB_%E1%84%8B%E1%85%B5%E1%86%B8%E1%84%89%E1%85%AE%E1%86%AF_%E1%84%8C%E1%85%A6%E1%86%AF%E1%84%85%E1%85%B5.jpg,뜨인돌어린이,초2,그림책,읽기 전,,,,,,,,,,,No,No,
멋진 여우 씨,2학년이 처음 읽기 좋은 책,로알드 달,%EB%8F%85%EC%84%9C%20%EB%85%B8%ED%8A%B8/%E1%84%86%E1%85%A5%E1%86%BA%E1%84%8C%E1%85%B5%E1%86%AB_%E1%84%8B%E1%85%A7%E1%84%8B%E1%85%AE_%E1%84%8A%E1%85%B5.jpg,논장,초2,그림책,읽기 전,,,,,,,,,,,No,No,
마음을 배달해 드립니다,2학년이 처음 읽기 좋은 책,박현숙,%EB%8F%85%EC%84%9C%20%EB%85%B8%ED%8A%B8/%E1%84%86%E1%85%A1%E1%84%8B%E1%85%B3%E1%86%B7%E1%84%8B%E1%85%B3%E1%86%AF_%E1%84%87%E1%85%A2%E1%84%83%E1%85%A1%E1%86%AF%E1%84%92%E1%85%A2_%E1%84%83%E1%85%B3%E1%84%85%E1%85%B5%E1%86%B8%E1%84%82%E1%85%B5%E1%84%83%E1%85%A1.jpg,,초2,그림책,읽기 전,,,,,,,,,,,No,No,
냄비와 국자 전쟁,2학년이 처음 읽기 좋은 책,미하엘 엔데,%EB%8F%85%EC%84%9C%20%EB%85%B8%ED%8A%B8/%E1%84%82%E1%85%A2%E1%86%B7%E1%84%87%E1%85%B5%E1%84%8B%E1%85%AA_%E1%84%80%E1%85%AE%E1%86%A8%E1%84%8C%E1%85%A1_%E1%84%8C%E1%85%A5%E1%86%AB%E1%84%8C%E1%85%A2%E1%86%BC.jpg,,초2,그림책,읽기 전,,,,,,,,,,,No,No,
꽃들에게 희망을,2학년이 처음 읽기 좋은 책,트리나 폴러스,%EB%8F%85%EC%84%9C%20%EB%85%B8%ED%8A%B8/%E1%84%81%E1%85%A9%E1%86%BE%E1%84%83%E1%85%B3%E1%86%AF%E1%84%8B%E1%85%A6%E1%84%80%E1%85%A6_%E1%84%92%E1%85%B4%E1%84%86%E1%85%A1%E1%86%BC%E1%84%8B%E1%85%B3%E1%86%AF.jpg,시공주니어,초2,그림책,읽기 전,,,,,,,,,,,No,No,
그 소문 들었어?,2학년이 처음 읽기 좋은 책,하야시 기린,%EB%8F%85%EC%84%9C%20%EB%85%B8%ED%8A%B8/%E1%84%80%E1%85%B3_%E1%84%89%E1%85%A9%E1%84%86%E1%85%AE%E1%86%AB_%E1%84%83%E1%85%B3%E1%86%AF%E1%84%8B%E1%85%A5%E1%86%BB%E1%84%8B%E1%85%A5.jpg,,초2,그림책,읽기 전,,,,,,,,,,,No,No,
귀신보다 더 무서워,2학년이 처음 읽기 좋은 책,허은순,%EB%8F%85%EC%84%9C%20%EB%85%B8%ED%8A%B8/%E1%84%80%E1%85%B1%E1%84%89%E1%85%B5%E1%86%AB%E1%84%87%E1%85%A9%E1%84%83%E1%85%A1_%E1%84%83%E1%85%A5_%E1%84%86%E1%85%AE%E1%84%89%E1%85%A5%E1%84%8B%E1%85%AF.jpg,,초2,그림책,읽기 전,,,,,,,,,,,No,No,
"헉, 나만 다른 반이라고?",나탈리 다르장,나탈리 다르장,%EB%8F%85%EC%84%9C%20%EB%85%B8%ED%8A%B8/%E1%84%92%E1%85%A5%E1%86%A8_%E1%84%82%E1%85%A1%E1%84%86%E1%85%A1%E1%86%AB_%E1%84%83%E1%85%A1%E1%84%85%E1%85%B3%E1%86%AB_%E1%84%87%E1%85%A1%E1%86%AB%E1%84%8B%E1%85%B5%E1%84%85%E1%85%A1%E1%84%80%E1%85%A9.jpg,,초2,그림책,읽기 전,,,,,,,,,,,No,No,
"힝, 나만 남으라고?",나탈리 다르장,나탈리 다르장,%EB%8F%85%EC%84%9C%20%EB%85%B8%ED%8A%B8/%E1%84%92%E1%85%B5%E1%86%BC_%E1%84%82%E1%85%A1%E1%84%86%E1%85%A1%E1%86%AB_%E1%84%82%E1%85%A1%E1%86%B7%E1%84%8B%E1%85%B3%E1%84%85%E1%85%A1%E1%84%80%E1%85%A9.jpg,,초2,그림책,읽기 전,,,,,,,,,,,No,No,
친구가 욕을 해요,나탈리 다르장,나탈리 다르장,%EB%8F%85%EC%84%9C%20%EB%85%B8%ED%8A%B8/%E1%84%8E%E1%85%B5%E1%86%AB%E1%84%80%E1%85%AE%E1%84%80%E1%85%A1_%E1%84%8B%E1%85%AD%E1%86%A8%E1%84%8B%E1%85%B3%E1%86%AF_%E1%84%92%E1%85%A2%E1%84%8B%E1%85%AD.jpg,,초2,그림책,읽기 전,,,,,,,,,,,No,No,
용돈이 다 어디 갔지?,나탈리 다르장,나탈리 다르장,%EB%8F%85%EC%84%9C%20%EB%85%B8%ED%8A%B8/%E1%84%8B%E1%85%AD%E1%86%BC%E1%84%83%E1%85%A9%E1%86%AB%E1%84%8B%E1%85%B5_%E1%84%83%E1%85%A1_%E1%84%8B%E1%85%A5%E1%84%83%E1%85%B5_%E1%84%80%E1%85%A1%E1%86%BB%E1%84%8C%E1%85%B5.jpg,,초2,그림책,읽기 전,,,,,,,,,,,No,No,
"쉿, 비밀 투표야!",나탈리 다르장,나탈리 다르장,%EB%8F%85%EC%84%9C%20%EB%85%B8%ED%8A%B8/%E1%84%89%E1%85%B1%E1%86%BA_%E1%84%87%E1%85%B5%E1%84%86%E1%85%B5%E1%86%AF_%E1%84%90%E1%85%AE%E1%84%91%E1%85%AD%E1%84%8B%E1%85%A3!.jpg,,초2,그림책,읽기 전,,,,,,,,,,,No,No,
빵 사러 가는 길에,나탈리 다르장,나탈리 다르장,%EB%8F%85%EC%84%9C%20%EB%85%B8%ED%8A%B8/%E1%84%88%E1%85%A1%E1%86%BC_%E1%84%89%E1%85%A1%E1%84%85%E1%85%A5_%E1%84%80%E1%85%A1%E1%84%82%E1%85%B3%E1%86%AB_%E1%84%80%E1%85%B5%E1%86%AF%E1%84%8B%E1%85%A6.jpg,,초2,그림책,읽기 전,,,,,,,,,,,No,No,
도둑을 잡아라!,,박정섭,%EB%8F%85%EC%84%9C%20%EB%85%B8%ED%8A%B8/%E1%84%83%E1%85%A9%E1%84%83%E1%85%AE%E1%86%A8%E1%84%8B%E1%85%B3%E1%86%AF_%E1%84%8C%E1%85%A1%E1%86%B8%E1%84%8B%E1%85%A1%E1%84%85%E1%85%A1!.jpg,,"초3, 초4",그림책,읽기 전,,,2026년,,,,,,,,Yes,No,
톰 소여의 모험,,마크 트웨인,%EB%8F%85%EC%84%9C%20%EB%85%B8%ED%8A%B8/%E1%84%90%E1%85%A9%E1%86%B7_%E1%84%89%E1%85%A9%E1%84%8B%E1%85%A7%E1%84%8B%E1%85%B4_%E1%84%86%E1%85%A9%E1%84%92%E1%85%A5%E1%86%B7.jpeg,지경사,초4,,읽기 전,,,,,,,,,,,No,No,
허클베리 핀의 모험,,마크 트웨인,%EB%8F%85%EC%84%9C%20%EB%85%B8%ED%8A%B8/%E1%84%92%E1%85%A5%E1%84%8F%E1%85%B3%E1%86%AF%E1%84%87%E1%85%A6%E1%84%85%E1%85%B5_%E1%84%91%E1%85%B5%E1%86%AB%E1%84%8B%E1%85%B4_%E1%84%86%E1%85%A9%E1%84%92%E1%85%A5%E1%86%B7.jpeg,지경사,초4,,읽기 전,,,,,,,,,,,No,No,
지원이와 병관이 시리즈 - 칭찬 먹으로 가요,지원이와 병관이 시리즈,고대영,%EB%8F%85%EC%84%9C%20%EB%85%B8%ED%8A%B8/%E1%84%8C%E1%85%B5%E1%84%8B%E1%85%AF%E1%86%AB%E1%84%8B%E1%85%B5%E1%84%8B%E1%85%AA_%E1%84%87%E1%85%A7%E1%86%BC%E1%84%80%E1%85%AA%E1%86%AB%E1%84%8B%E1%85%B5_%E1%84%89%E1%85%B5%E1%84%85%E1%85%B5%E1%84%8C%E1%85%B3_-_%E1%84%8E%E1%85%B5%E1%86%BC%E1%84%8E%E1%85%A1%E1%86%AB_%E1%84%86%E1%85%A5%E1%86%A8%E1%84%8B%E1%85%B3%E1%84%85%E1%85%A5_%E1%84%80%E1%85%A1%E1%84%8B%E1%85%AD.jpeg,길벗어린이,초1,,읽기 전,,,,,,,,,,,No,No,
지원이와 병관이 시리즈 - 집 안 치우기,지원이와 병관이 시리즈,고대영,%EB%8F%85%EC%84%9C%20%EB%85%B8%ED%8A%B8/%E1%84%8C%E1%85%B5%E1%84%8B%E1%85%AF%E1%86%AB%E1%84%8B%E1%85%B5%E1%84%8B%E1%85%AA_%E1%84%87%E1%85%A7%E1%86%BC%E1%84%80%E1%85%AA%E1%86%AB%E1%84%8B%E1%85%B5_%E1%84%89%E1%85%B5%E1%84%85%E1%85%B5%E1%84%8C%E1%85%B3_-_%E1%84%8C%E1%85%B5%E1%86%B8_%E1%84%8B%E1%85%A1%E1%86%AB_%E1%84%8E%E1%85%B5%E1%84%8B%E1%85%AE%E1%84%80%E1%85%B5.jpeg,길벗어린이,초1,,읽기 전,,,,,,,,,,,No,No,
지원이와 병관이 시리즈 - 지하철을 타고서,지원이와 병관이 시리즈,고대영,%EB%8F%85%EC%84%9C%20%EB%85%B8%ED%8A%B8/%E1%84%8C%E1%85%B5%E1%84%8B%E1%85%AF%E1%86%AB%E1%84%8B%E1%85%B5%E1%84%8B%E1%85%AA_%E1%84%87%E1%85%A7%E1%86%BC%E1%84%80%E1%85%AA%E1%86%AB%E1%84%8B%E1%85%B5_%E1%84%89%E1%85%B5%E1%84%85%E1%85%B5%E1%84%8C%E1%85%B3_-_%E1%84%8C%E1%85%B5%E1%84%92%E1%85%A1%E1%84%8E%E1%85%A5%E1%86%AF%E1%84%8B%E1%85%B3%E1%86%AF_%E1%84%90%E1%85%A1%E1%84%80%E1%85%A9%E1%84%89%E1%85%A5.jpeg,길벗어린이,초1,,읽기 전,,,,,,,,,,,No,No,
지원이와 병관이 시리즈 - 거짓말,지원이와 병관이 시리즈,고대영,%EB%8F%85%EC%84%9C%20%EB%85%B8%ED%8A%B8/%E1%84%8C%E1%85%B5%E1%84%8B%E1%85%AF%E1%86%AB%E1%84%8B%E1%85%B5%E1%84%8B%E1%85%AA_%E1%84%87%E1%85%A7%E1%86%BC%E1%84%80%E1%85%AA%E1%86%AB%E1%84%8B%E1%85%B5_%E1%84%89%E1%85%B5%E1%84%85%E1%85%B5%E1%84%8C%E1%85%B3_-_%E1%84%80%E1%85%A5%E1%84%8C%E1%85%B5%E1%86%BA%E1%84%86%E1%85%A1%E1%86%AF.jpg,길벗어린이,초1,,읽기 전,,,,,,,,,,,No,No,
"내 멋대로 산타 뽑기. 4, 크리스마스 축제 대소동",내 멋대로 뽑기 시리즈,최은옥,%EB%8F%85%EC%84%9C%20%EB%85%B8%ED%8A%B8/%E1%84%82%E1%85%A2_%E1%84%86%E1%85%A5%E1%86%BA%E1%84%83%E1%85%A2%E1%84%85%E1%85%A9_%E1%84%89%E1%85%A1%E1%86%AB%E1%84%90%E1%85%A1_%E1%84%88%E1%85%A9%E1%86%B8%E1%84%80%E1%85%B5._4_%E1%84%8F%E1%85%B3%E1%84%85%E1%85%B5%E1%84%89%E1%85%B3%E1%84%86%E1%85%A1%E1%84%89%E1%85%B3_%E1%84%8E%E1%85%AE%E1%86%A8%E1%84%8C%E1%85%A6_%E1%84%83%E1%85%A2%E1%84%89%E1%85%A9%E1%84%83%E1%85%A9%E1%86%BC.jpg,주니어김영사,초2,,읽기 전,,,,,,,,,,,No,No,
"내 멋대로 산타 뽑기. 5, 도둑 산타를 잡아라!",내 멋대로 뽑기 시리즈,최은옥,%EB%8F%85%EC%84%9C%20%EB%85%B8%ED%8A%B8/%E1%84%82%E1%85%A2_%E1%84%86%E1%85%A5%E1%86%BA%E1%84%83%E1%85%A2%E1%84%85%E1%85%A9_%E1%84%89%E1%85%A1%E1%86%AB%E1%84%90%E1%85%A1_%E1%84%88%E1%85%A9%E1%86%B8%E1%84%80%E1%85%B5._5_%E1%84%83%E1%85%A9%E1%84%83%E1%85%AE%E1%86%A8_%E1%84%89%E1%85%A1%E1%86%AB%E1%84%90%E1%85%A1%E1%84%85%E1%85%B3%E1%86%AF_%E1%84%8C%E1%85%A1%E1%86%B8%E1%84%8B%E1%85%A1%E1%84%85%E1%85%A1!.jpg,주니어김영사,초2,,읽기 전,,,,,,,,,,,No,No,
"내 멋대로 산타 뽑기. 3, 스노 박스 특급 작전",내 멋대로 뽑기 시리즈,최은옥,%EB%8F%85%EC%84%9C%20%EB%85%B8%ED%8A%B8/%E1%84%82%E1%85%A2_%E1%84%86%E1%85%A5%E1%86%BA%E1%84%83%E1%85%A2%E1%84%85%E1%85%A9_%E1%84%89%E1%85%A1%E1%86%AB%E1%84%90%E1%85%A1_%E1%84%88%E1%85%A9%E1%86%B8%E1%84%80%E1%85%B5._3_%E1%84%89%E1%85%B3%E1%84%82%E1%85%A9_%E1%84%87%E1%85%A1%E1%86%A8%E1%84%89%E1%85%B3_%E1%84%90%E1%85%B3%E1%86%A8%E1%84%80%E1%85%B3%E1%86%B8_%E1%84%8C%E1%85%A1%E1%86%A8%E1%84%8C%E1%85%A5%E1%86%AB.jpg,주니어김영사,초2,,읽기 전,,,,,,,,,,,No,No,
"내 멋대로 산타 뽑기 . 2 , 선물 대소동",내 멋대로 뽑기 시리즈,최은옥,%EB%8F%85%EC%84%9C%20%EB%85%B8%ED%8A%B8/%E1%84%82%E1%85%A2_%E1%84%86%E1%85%A5%E1%86%BA%E1%84%83%E1%85%A2%E1%84%85%E1%85%A9_%E1%84%89%E1%85%A1%E1%86%AB%E1%84%90%E1%85%A1_%E1%84%88%E1%85%A9%E1%86%B8%E1%84%80%E1%85%B5_._2__%E1%84%89%E1%85%A5%E1%86%AB%E1%84%86%E1%85%AE%E1%86%AF_%E1%84%83%E1%85%A2%E1%84%89%E1%85%A9%E1%84%83%E1%85%A9%E1%86%BC.jpg,주니어김영사,초2,,읽기 전,,,,,,,,,,,No,No,
내 멋대로 반려동물 뽑기,내 멋대로 뽑기 시리즈,최은옥,%EB%8F%85%EC%84%9C%20%EB%85%B8%ED%8A%B8/%E1%84%82%E1%85%A2_%E1%84%86%E1%85%A5%E1%86%BA%E1%84%83%E1%85%A2%E1%84%85%E1%85%A9_%E1%84%87%E1%85%A1%E1%86%AB%E1%84%85%E1%85%A7%E1%84%83%E1%85%A9%E1%86%BC%E1%84%86%E1%85%AE%E1%86%AF_%E1%84%88%E1%85%A9%E1%86%B8%E1%84%80%E1%85%B5.jpg,주니어김영사,초2,,읽기 전,,,,,,,,,,,No,No,
내 멋대로 초능력 뽑기,내 멋대로 뽑기 시리즈,최은옥,%EB%8F%85%EC%84%9C%20%EB%85%B8%ED%8A%B8/%E1%84%82%E1%85%A2_%E1%84%86%E1%85%A5%E1%86%BA%E1%84%83%E1%85%A2%E1%84%85%E1%85%A9_%E1%84%8E%E1%85%A9%E1%84%82%E1%85%B3%E1%86%BC%E1%84%85%E1%85%A7%E1%86%A8_%E1%84%88%E1%85%A9%E1%86%B8%E1%84%80%E1%85%B5.jpg,주니어김영사,초2,,읽기 전,,,,,,,,,,,No,No,
내 멋대로 장래 희망 뽑기,내 멋대로 뽑기 시리즈,최은옥,%EB%8F%85%EC%84%9C%20%EB%85%B8%ED%8A%B8/%E1%84%82%E1%85%A2_%E1%84%86%E1%85%A5%E1%86%BA%E1%84%83%E1%85%A2%E1%84%85%E1%85%A9_%E1%84%8C%E1%85%A1%E1%86%BC%E1%84%85%E1%85%A2_%E1%84%92%E1%85%B4%E1%84%86%E1%85%A1%E1%86%BC_%E1%84%88%E1%85%A9%E1%86%B8%E1%84%80%E1%85%B5.jpg,주니어김영사,초2,,읽기 전,,,,,,,,,,,No,No,
내 멋대로 행운 뽑기,내 멋대로 뽑기 시리즈,최은옥,%EB%8F%85%EC%84%9C%20%EB%85%B8%ED%8A%B8/%E1%84%82%E1%85%A2_%E1%84%86%E1%85%A5%E1%86%BA%E1%84%83%E1%85%A2%E1%84%85%E1%85%A9_%E1%84%92%E1%85%A2%E1%86%BC%E1%84%8B%E1%85%AE%E1%86%AB_%E1%84%88%E1%85%A9%E1%86%B8%E1%84%80%E1%85%B5.jpg,주니어김영사,초2,,읽기 전,,,,,,,,,,,No,No,
내 멋대로 동생 뽑기,내 멋대로 뽑기 시리즈,최은옥,%EB%8F%85%EC%84%9C%20%EB%85%B8%ED%8A%B8/%E1%84%82%E1%85%A2_%E1%84%86%E1%85%A5%E1%86%BA%E1%84%83%E1%85%A2%E1%84%85%E1%85%A9_%E1%84%83%E1%85%A9%E1%86%BC%E1%84%89%E1%85%A2%E1%86%BC_%E1%84%88%E1%85%A9%E1%86%B8%E1%84%80%E1%85%B5_.jpg,주니어김영사,초2,,읽기 전,,,,,,,,,,,No,No,
내 멋대로 날짜 뽑기,내 멋대로 뽑기 시리즈,최은옥,%EB%8F%85%EC%84%9C%20%EB%85%B8%ED%8A%B8/%E1%84%82%E1%85%A2_%E1%84%86%E1%85%A5%E1%86%BA%E1%84%83%E1%85%A2%E1%84%85%E1%85%A9_%E1%84%82%E1%85%A1%E1%86%AF%E1%84%8D%E1%85%A1_%E1%84%88%E1%85%A9%E1%86%B8%E1%84%80%E1%85%B5.jpg,주니어김영사,초2,,읽기 전,,,,,,,,,,,No,No,
내 멋대로 급식 뽑기,내 멋대로 뽑기 시리즈,최은옥,%EB%8F%85%EC%84%9C%20%EB%85%B8%ED%8A%B8/%E1%84%82%E1%85%A2_%E1%84%86%E1%85%A5%E1%86%BA%E1%84%83%E1%85%A2%E1%84%85%E1%85%A9_%E1%84%80%E1%85%B3%E1%86%B8%E1%84%89%E1%85%B5%E1%86%A8_%E1%84%88%E1%85%A9%E1%86%B8%E1%84%80%E1%85%B5.jpg,주니어김영사,초2,,읽기 전,,,,,,,,,,,No,No,
내 멋대로 나 뽑기,내 멋대로 뽑기 시리즈,최은옥,%EB%8F%85%EC%84%9C%20%EB%85%B8%ED%8A%B8/%E1%84%82%E1%85%A2_%E1%84%86%E1%85%A5%E1%86%BA%E1%84%83%E1%85%A2%E1%84%85%E1%85%A9_%E1%84%82%E1%85%A1_%E1%84%88%E1%85%A9%E1%86%B8%E1%84%80%E1%85%B5.jpg,주니어김영사,초2,,읽기 전,,,,,,,,,,,No,No,
내 멋대로 산타 뽑기,내 멋대로 뽑기 시리즈,최은옥,%EB%8F%85%EC%84%9C%20%EB%85%B8%ED%8A%B8/%E1%84%82%E1%85%A2_%E1%84%86%E1%85%A5%E1%86%BA%E1%84%83%E1%85%A2%E1%84%85%E1%85%A9_%E1%84%89%E1%85%A1%E1%86%AB%E1%84%90%E1%85%A1_%E1%84%88%E1%85%A9%E1%86%B8%E1%84%80%E1%85%B5.jpg,주니어김영사,초2,,읽기 전,,,,,,,,,,,No,No,
내 멋대로 아빠 뽑기,내 멋대로 뽑기 시리즈,최은옥,%EB%8F%85%EC%84%9C%20%EB%85%B8%ED%8A%B8/%E1%84%82%E1%85%A2_%E1%84%86%E1%85%A5%E1%86%BA%E1%84%83%E1%85%A2%E1%84%85%E1%85%A9_%E1%84%8B%E1%85%A1%E1%84%88%E1%85%A1_%E1%84%88%E1%85%A9%E1%86%B8%E1%84%80%E1%85%B5.jpg,주니어김영사,초2,,읽기 전,,,,,,,,,,,No,No,
,,,,,,,,,,,,,,,,,,No,No,